drug_name,generic_name,brand_names,category,drug_class,indication,mechanism_of_action,side_effects,dosage_forms,standard_dosage,max_daily_dose,age_min,age_max,kidney_safe,liver_safe,pregnancy_category,pregnancy_safe,price,prescription_required,food_interactions
Paracetamol,Acetaminophen,"Crocin,Dolo,Calpol",Painkiller,Analgesic,"Fever and mild to moderate pain",Inhibits prostaglandin synthesis in CNS,"Nausea, rash, liver toxicity (overdose)","Tablet, Syrup, IV",500mg TDS,4000mg,0,99,YES,NO,B,YES,10.50,FALSE,"Avoid alcohol"
Ibuprofen,Ibuprofen,"Brufen,Advil,Motrin",NSAID,NSAID,"Pain, inflammation, fever",Inhibits COX enzyme,"GI upset, bleeding, kidney issues","Tablet, Suspension",400mg TDS,2400mg,12,99,NO,YES,C,NO,15.00,FALSE,"Take with food"
Aspirin,Acetylsalicylic Acid,"Disprin,Ecosprin",Blood Thinner,NSAID,"Pain, fever, cardiovascular protection",Inhibits platelet aggregation,"GI bleeding, tinnitus, Reye syndrome",Tablet,75-325mg OD,4000mg,18,99,NO,NO,D,NO,5.00,FALSE,"Avoid alcohol"
Amoxicillin,Amoxicillin,"Novamox,Amoxil",Antibiotic,Penicillin,"Bacterial infections",Inhibits bacterial cell wall synthesis,"Diarrhea, rash, allergic reactions","Capsule, Syrup",500mg TDS,3000mg,0,99,YES,YES,B,YES,25.00,TRUE,"Take with or without food"
Azithromycin,Azithromycin,"Azithral,Zithromax",Antibiotic,Macrolide,"Respiratory and soft tissue infections",Inhibits bacterial protein synthesis,"Nausea, diarrhea, abdominal pain","Tablet, Suspension",500mg OD x 3 days,1500mg,6,99,YES,YES,B,NO,45.00,TRUE,"Take on empty stomach"
Cetirizine,Cetirizine,"Alerid,Zyrtec",Antihistamine,H1 Blocker,"Allergies, urticaria",Blocks histamine H1 receptors,"Drowsiness, dry mouth, headache","Tablet, Syrup",10mg OD,10mg,6,99,YES,YES,B,YES,8.00,FALSE,"Can take anytime"
Loratadine,Loratadine,"Lorfast,Claritin",Antihistamine,H1 Blocker,"Allergic rhinitis, urticaria",Selective H1 receptor antagonist,"Headache, fatigue, dry mouth",Tablet,10mg OD,10mg,2,99,YES,YES,B,YES,12.00,FALSE,"Take on empty stomach"
Omeprazole,Omeprazole,"Omez,Prilosec",Antacid,PPI,"GERD, peptic ulcers",Inhibits gastric acid pump,"Headache, nausea, diarrhea",Capsule,20mg OD,40mg,1,99,YES,NO,C,YES,18.00,FALSE,"Take before breakfast"
Pantoprazole,Pantoprazole,"Pan,Protonix",Antacid,PPI,"Acid reflux, ulcers",Inhibits H+/K+ ATPase,"Headache, diarrhea","Tablet, IV",40mg OD,80mg,5,99,YES,NO,C,YES,22.00,FALSE,"Take 30min before meal"
Ranitidine,Ranitidine,"Aciloc,Zantac",Antacid,H2 Blocker,"Peptic ulcers, GERD",Blocks histamine H2 receptors,"Headache, diarrhea, dizziness",Tablet,150mg BD,300mg,12,99,YES,YES,B,YES,14.00,FALSE,"Can take with food"
Metformin,Metformin,"Glycomet,Glucophage",Antidiabetic,Biguanide,"Type 2 diabetes",Decreases hepatic glucose production,"GI upset, lactic acidosis (rare)","Tablet, Extended Release",500mg BD,2550mg,10,99,NO,YES,B,YES,8.00,TRUE,"Take with meals"
Glimepiride,Glimepiride,"Amaryl,Glimisave",Antidiabetic,Sulfonylurea,"Type 2 diabetes",Stimulates insulin release from pancreas,"Hypoglycemia, weight gain",Tablet,1-2mg OD,8mg,18,99,CAUTION,YES,C,NO,15.00,TRUE,"Take with breakfast"
Lisinopril,Lisinopril,"Listril,Prinivil",Antihypertensive,ACE Inhibitor,"Hypertension, heart failure",Inhibits ACE enzyme,"Dry cough, dizziness, hyperkalemia",Tablet,10mg OD,40mg,6,99,CAUTION,YES,D,NO,18.00,TRUE,"Take same time daily"
Amlodipine,Amlodipine,"Amlong,Norvasc",Antihypertensive,Calcium Channel Blocker,"Hypertension, angina",Blocks calcium channels in vessels,"Edema, headache, flushing",Tablet,5mg OD,10mg,6,99,YES,YES,C,YES,12.00,TRUE,"Can take anytime"
Atenolol,Atenolol,"Aten,Tenormin",Antihypertensive,Beta Blocker,"Hypertension, angina",Blocks beta-1 receptors,"Bradycardia, fatigue, cold extremities",Tablet,50mg OD,100mg,18,99,CAUTION,YES,D,NO,10.00,TRUE,"Take with or without food"
Atorvastatin,Atorvastatin,"Atorva,Lipitor",Statin,HMG-CoA Reductase Inhibitor,"High cholesterol",Inhibits cholesterol synthesis,"Muscle pain, liver enzyme elevation",Tablet,10mg OD,80mg,10,99,YES,NO,X,NO,25.00,TRUE,"Take at bedtime"
Clopidogrel,Clopidogrel,"Plavix,Clopivas",Antiplatelet,Platelet Inhibitor,"Prevent blood clots, stroke",Inhibits platelet aggregation,"Bleeding, bruising, GI upset",Tablet,75mg OD,75mg,18,99,YES,YES,B,YES,30.00,TRUE,"Take with or without food"
Ciprofloxacin,Ciprofloxacin,"Ciplox,Cipro",Antibiotic,Fluoroquinolone,"UTI, respiratory infections",Inhibits bacterial DNA gyrase,"Nausea, tendonitis, CNS effects","Tablet, IV",500mg BD,1500mg,18,99,CAUTION,YES,C,NO,35.00,TRUE,"Avoid dairy products"
Levofloxacin,Levofloxacin,"Levox,Levaquin",Antibiotic,Fluoroquinolone,"Respiratory and urinary infections",Inhibits bacterial topoisomerase,"Nausea, diarrhea, tendon rupture","Tablet, IV",500mg OD,750mg,18,99,CAUTION,YES,C,NO,42.00,TRUE,"Drink plenty of water"
Doxycycline,Doxycycline,"Doxy,Vibramycin",Antibiotic,Tetracycline,"Respiratory infections, acne",Inhibits bacterial protein synthesis,"Photosensitivity, GI upset","Capsule, Tablet",100mg BD,200mg,8,99,YES,CAUTION,D,NO,20.00,TRUE,"Avoid dairy and calcium"
Prednisolone,Prednisolone,"Wysolone,Deltacortril",Corticosteroid,Steroid,"Inflammation, allergies, autoimmune",Anti-inflammatory and immunosuppressant,"Weight gain, osteoporosis, diabetes","Tablet, Syrup",5-60mg OD,60mg,0,99,YES,YES,C,CAUTION,15.00,TRUE,"Take with food"
Diclofenac,Diclofenac,"Voveran,Voltaren",NSAID,NSAID,"Pain, inflammation",Inhibits COX enzyme,"GI upset, bleeding, CV risk","Tablet, Gel",50mg BD,150mg,18,99,NO,YES,C,NO,12.00,FALSE,"Take with food"
Tramadol,Tramadol,"Tramazac,Ultram",Opioid Analgesic,Opioid,"Moderate to severe pain",Opioid receptor agonist,"Nausea, dizziness, constipation, addiction risk","Tablet, Injection",50-100mg QID,400mg,18,99,CAUTION,YES,C,NO,22.00,TRUE,"Risk of dependence"
Morphine,Morphine,"MS Contin,Roxanol",Opioid Analgesic,Opioid,"Severe pain",Binds to opioid receptors,"Respiratory depression, constipation, addiction","Tablet, Injection",10-30mg q4h,200mg,18,99,CAUTION,CAUTION,C,NO,150.00,TRUE,"Highly addictive"
Salbutamol,Albuterol,"Asthalin,Ventolin",Bronchodilator,Beta-2 Agonist,"Asthma, COPD",Relaxes bronchial smooth muscle,"Tremor, tachycardia, palpitations","Inhaler, Nebulizer",100mcg PRN,800mcg,4,99,YES,YES,C,YES,85.00,FALSE,"Rinse mouth after use"
Montelukast,Montelukast,"Montair,Singulair",Anti-Asthmatic,Leukotriene Antagonist,"Asthma, allergic rhinitis",Blocks leukotriene receptors,"Headache, GI upset, mood changes",Tablet,10mg OD,10mg,6,99,YES,YES,B,YES,28.00,TRUE,"Take in evening"
Levothyroxine,Levothyroxine,"Thyronorm,Synthroid",Thyroid Hormone,Hormone,"Hypothyroidism",Replaces deficient thyroid hormone,"Palpitations, weight loss (overdose)",Tablet,50-200mcg OD,300mcg,0,99,YES,YES,A,YES,35.00,TRUE,"Take on empty stomach"
Insulin Glargine,Insulin Glargine,"Lantus,Basaglar",Insulin,Hormone,"Diabetes mellitus",Lowers blood glucose,"Hypoglycemia, weight gain, injection site reactions",Injection,10-40 units OD,80 units,0,99,YES,YES,B,YES,850.00,TRUE,"Refrigerate, rotate sites"
Diazepam,Diazepam,"Calmpose,Valium",Anxiolytic,Benzodiazepine,"Anxiety, seizures, muscle spasm",Enhances GABA activity,"Drowsiness, dependence, confusion","Tablet, Injection",5-10mg BD,40mg,18,99,YES,CAUTION,D,NO,12.00,TRUE,"Addiction risk"
Alprazolam,Alprazolam,"Alprax,Xanax",Anxiolytic,Benzodiazepine,"Anxiety, panic disorder",Enhances GABA-A receptor activity,"Sedation, addiction, memory impairment",Tablet,0.25-0.5mg TDS,4mg,18,99,YES,YES,D,NO,15.00,TRUE,"High addiction potential"
Sertraline,Sertraline,"Zoloft,Serlift",Antidepressant,SSRI,"Depression, OCD, PTSD",Inhibits serotonin reuptake,"Nausea, insomnia, sexual dysfunction",Tablet,50mg OD,200mg,18,99,YES,YES,C,NO,45.00,TRUE,"Take with food"
Fluoxetine,Fluoxetine,"Prozac,Fludac",Antidepressant,SSRI,"Depression, anxiety",Selective serotonin reuptake inhibitor,"Insomnia, anxiety, sexual dysfunction","Capsule, Tablet",20mg OD,80mg,8,99,YES,YES,C,NO,38.00,TRUE,"Take in morning"
Metronidazole,Metronidazole,"Flagyl,Metrogyl",Antibiotic,Nitroimidazole,"Anaerobic infections, parasites",Disrupts bacterial DNA,"Metallic taste, nausea, dark urine","Tablet, IV",400mg TDS,4000mg,0,99,YES,YES,B,YES,12.00,TRUE,"Avoid alcohol completely"
Furosemide,Furosemide,"Lasix,Frusix",Diuretic,Loop Diuretic,"Edema, heart failure",Inhibits sodium reabsorption in loop,"Dehydration, electrolyte imbalance","Tablet, Injection",20-40mg OD,600mg,0,99,CAUTION,YES,C,YES,8.00,TRUE,"Take in morning"
Spironolactone,Spironolactone,"Aldactone",Diuretic,Potassium-Sparing Diuretic,"Hypertension, edema",Aldosterone antagonist,"Hyperkalemia, gynecomastia",Tablet,25mg OD,100mg,18,99,CAUTION,YES,C,NO,18.00,TRUE,"Monitor potassium"
Ondansetron,Ondansetron,"Emeset,Zofran",Antiemetic,5-HT3 Antagonist,"Nausea, vomiting",Blocks serotonin 5-HT3 receptors,"Headache, constipation","Tablet, Injection",4-8mg TDS,32mg,4,99,YES,YES,B,YES,25.00,TRUE,"Take 30min before meals"
Domperidone,Domperidone,"Domstal,Motilium",Antiemetic,Dopamine Antagonist,"Nausea, vomiting, gastroparesis",Blocks dopamine D2 receptors,"QT prolongation, dry mouth",Tablet,10mg TDS,30mg,12,99,YES,YES,C,NO,10.00,FALSE,"Take before meals"
Ranitidine,Ranitidine,"Aciloc,Zantac",Antacid,H2 Blocker,"Peptic ulcer, GERD",Blocks histamine H2 receptors,"Headache, diarrhea",Tablet,150mg BD,300mg,12,99,YES,YES,B,YES,14.00,FALSE,"Can take with food"
Clarithromycin,Clarithromycin,"Klaricid,Biaxin",Antibiotic,Macrolide,"Respiratory infections, H. pylori",Inhibits bacterial protein synthesis,"Nausea, taste disturbance","Tablet, Suspension",250-500mg BD,1000mg,6,99,YES,YES,C,NO,55.00,TRUE,"Take with food"
Cefixime,Cefixime,"Taxim,Suprax",Antibiotic,Cephalosporin,"UTI, respiratory infections",Inhibits bacterial cell wall synthesis,"Diarrhea, nausea","Tablet, Suspension",200mg BD,400mg,6,99,YES,YES,B,YES,48.00,TRUE,"Take with or without food"
Nitrofurantoin,Nitrofurantoin,"Macrobid,Furadantin",Antibiotic,Nitrofuran,"UTI",Damages bacterial DNA,"Nausea, pulmonary toxicity (long-term)","Capsule, Suspension",100mg BD,400mg,12,99,NO,YES,B,YES,32.00,TRUE,"Take with food"
Warfarin,Warfarin,"Coumadin,Warf",Anticoagulant,Vitamin K Antagonist,"DVT, PE, AF",Inhibits vitamin K epoxide reductase,"Bleeding, bruising",Tablet,2-10mg OD,10mg,18,99,YES,YES,X,NO,12.00,TRUE,"Avoid green leafy vegetables"
Hydrochlorothiazide,Hydrochlorothiazide,"Aquazide,Microzide",Diuretic,Thiazide Diuretic,"Hypertension, edema",Inhibits sodium reabsorption in DCT,"Hypokalemia, dehydration",Tablet,12.5-25mg OD,50mg,18,99,CAUTION,YES,B,YES,6.00,TRUE,"Take in morning"
Losartan,Losartan,"Repace,Cozaar",Antihypertensive,ARB,"Hypertension, diabetic nephropathy",Blocks angiotensin II receptors,"Dizziness, hyperkalemia",Tablet,50mg OD,100mg,18,99,CAUTION,YES,D,NO,22.00,TRUE,"Can take anytime"
Telmisartan,Telmisartan,"Telma,Micardis",Antihypertensive,ARB,"Hypertension",Angiotensin receptor blocker,"Dizziness, back pain",Tablet,40mg OD,80mg,18,99,CAUTION,YES,D,NO,25.00,TRUE,"Take same time daily"
Carvedilol,Carvedilol,"Carvilol,Coreg",Antihypertensive,Beta Blocker,"Heart failure, hypertension",Blocks alpha and beta receptors,"Dizziness, bradycardia, fatigue",Tablet,6.25mg BD,50mg,18,99,CAUTION,YES,C,NO,18.00,TRUE,"Take with food"
Digoxin,Digoxin,"Lanoxin",Cardiac Glycoside,Antiarrhythmic,"Heart failure, AF",Increases cardiac contractility,"Nausea, arrhythmias, visual disturbances",Tablet,0.125-0.25mg OD,0.375mg,18,99,CAUTION,YES,C,NO,8.00,TRUE,"Narrow therapeutic index"
Folic Acid,Folic Acid,"Folvite",Vitamin,B Vitamin,"Anemia, pregnancy",Cofactor in DNA synthesis,"Rare: allergic reactions",Tablet,5mg OD,15mg,0,99,YES,YES,A,YES,3.00,FALSE,"Take with water"
Vitamin D3,Cholecalciferol,"Calcirol,D-Rise",Vitamin,Vitamin,"Vitamin D deficiency, osteoporosis",Increases calcium absorption,"Hypercalcemia (overdose)","Tablet, Sachet",60000 IU weekly,60000 IU,0,99,YES,YES,A,YES,15.00,FALSE,"Take with fatty meal"
